"","var.id","DryWeight_Leaves_g","DryWeight_Shoot_g","FreshWeight_Shoot_g","FreshWeight_Leaves_g","GrowthStage","NumberOfNodes","NumberOfTillers","PlantHeight_cm","TillerLength_cm"
"W1.001","GmWMC152",29.1122349682236,50.9290018482664,201.712965241805,101.149502849119,3.04389716897294,6.96990064139435,11.8550612611283,67.6624169742395,43.9785483065802
"W1.002","GmJMC008",5.53249021121588,20.9580349744455,72.3099823385848,25.7996024406956,5.91518807003417,4.95447120112941,8.3897293058704,20.5039238336571,14.8572671971284
"W1.003","Tachiutaka",13.5289568140093,35.7422614650165,135.615364033179,44.8740610478793,4.95809110301388,6.63399573468355,10.1223952834993,41.9177293923895,17.7693953080735
"W1.004","GmWMC185",28.9975315538393,54.7220606927935,207.387840529427,97.7123375082947,1.12970323493192,7.64171045481597,12.8946608477057,71.2714853268336,53.5469692425427
"W1.005","GmJMC110",36.3057776703268,54.3811930719662,220.930670399092,125.911565578171,4.00099413599338,6.96990064139435,12.5481276521799,70.3090670994778,28.1698528471634
"W1.006","GmJMC053",16.7898110229354,35.4231513519009,127.830309355739,51.7122110417293,4.95809110301381,6.29809082797273,9.77586208797356,49.6170752112612,22.345596625273
"W1.007","GmWMC035",14.4629703311389,32.906532959834,112.942240125064,45.5253134282459,5.43663958652402,6.29809082797273,11.1619948700767,35.6620109145575,19.433468514328
"W1.008","GmJMC059",26.7772011753997,53.3767214659107,192.57890302587,83.5656885792188,4.95809110301384,7.30580554810517,10.815461674551,42.8801476197488,25.6737430377821
"W1.009","GmWMC006",13.6436602283937,45.7906037768562,174.329619481411,48.6151441662078,5.91518807003431,6.63399573468353,10.1223952834994,38.3086610397943,21.9295783237097
"W1.010","GmJMC005",17.3141694886923,39.5860878275388,152.082299628739,55.0408343191589,5.91518807003429,5.6262810145511,8.73626250139626,32.7747562324804,16.5213404033831
"W1.011","C1322",27.1458907216351,52.916187552665,189.308124971649,83.6959390552921,4.4795426195036,7.97761536152679,10.1223952834994,53.2261435638567,20.2655051174554
"W1.012","GmJMC068",25.3270222935407,46.9038629214737,182.774105218172,88.0376215910699,3.52244565248316,7.97761536152679,12.2015944566541,57.7976301438114,22.3455966252733
"W1.013","GmJMC017",18.1908312986297,37.388579548587,139.149914511129,63.7386716658337,4.47954261950361,5.96218592126191,11.1619948700767,45.7674023018253,22.7616149268369
"W1.014","GmJMC052",11.7182814869424,38.9732513603063,140.201236028557,43.4268335359534,5.9151880700343,5.29037610784028,10.1223952834994,33.9777790166799,22.7616149268369
"W1.015","GmWMC036",7.5561861649966,24.7293363112596,87.7896554339074,31.7549436522708,5.91518807003429,5.29037610784028,10.1223952834994,26.519037754647,15.2732854986923
"W1.016","GmJMC077",24.7654369091113,48.8112710975935,181.621042908734,78.2063510662148,4.95809110301385,5.96218592126191,11.1619948700767,52.5043298933377,25.673743037782
"W1.017","GmWMC164",32.1600376793576,61.2239292475139,240.039098409407,112.23305497125,3.52244565248315,8.64942517494841,16.0134596074377,67.1812078605596,47.7227130206522
"W1.018","GmWMC072",30.2264967079572,55.0774333187628,195.883594677427,96.2434015836899,4.00099413599338,9.99304480179167,12.5481276521799,58.0382347006505,36.9062371799989
"W1.019","GmWMC086",12.7424191153739,35.4086463467593,120.859181014369,35.7492915851863,5.91518807003428,4.28266138770784,11.1619948700767,38.0680564829546,24.4256881330913
"W1.020","GmJMC009",10.7187231615932,26.8361883080763,96.9877766670328,38.5062599954052,5.91518807003431,5.6262810145511,10.1223952834994,28.2032696525269,14.8572671971287
"W1.021","GmWMC148",20.116210040081,39.7420166328109,173.278297963983,81.0040958831099,1.60825171844223,7.97761536152679,11.8550612611283,52.9855390070168,31.4979992596723
"W1.022","GmWMC094",19.8949963123398,38.124708559523,141.252557545985,70.1426534061059,4.47954261950362,7.30580554810516,11.8550612611283,53.7073526775359,25.673743037782
"W1.023","GmWMC135",43.1552101292769,79.4603469617848,317.787904391821,145.297178100419,3.04389716897292,8.3135202682376,14.6273268253346,85.2983289214841,53.1309509409789
"W1.024","GmJMC025",28.6042627045216,55.4545634524442,186.941709513066,83.2183539763566,4.95809110301384,7.30580554810516,11.5085280656025,49.3764706544212,23.1776332284005
"W1.025","GmJMC061",28.2028007541764,51.1864656895298,189.895960658814,88.992791748941,4.95809110301385,8.64942517494842,10.1223952834994,58.0382347006505,20.681523419019
"W1.026","GmJMC133",27.252401034992,58.5405032963187,215.851167153597,85.5628625456766,3.04389716897293,6.96990064139435,14.6273268253346,63.639053151985,38.1542920846897
"W1.027","GmJMC111",36.1091432456679,62.1957645920007,230.897499838509,111.996473051004,4.47954261950362,8.3135202682376,12.8946608477057,48.8952615407417,34.826145672181
"W1.028","GmWMC138",23.907873792534,44.115275683002,184.646889426637,79.8104818827778,2.56534868546273,10.3289497085025,14.9738600208604,45.286193188146,39.8183652909441
"W1.029","GmJMC034",23.907873792534,56.9522052333139,208.069880653637,79.8104818827778,4.95809110301384,4.28266138770784,9.7758620879736,43.1207521765887,20.2655051174554
"W1.030","GmWMC084",23.907873792534,39.0711601450122,140.495153872139,79.8104818827778,4.95809110301383,5.29037610784028,9.7758620879736,44.0831704039475,23.5936515299641
"W1.031","GmWMC024",13.8812601581898,46.3055314593829,173.138875397155,49.8380514137852,5.43663958652406,6.96990064139435,11.5085280656025,46.7298205291844,26.5057796409093
"W1.032","GmJMC049",23.907873792534,37.9905372619633,136.629003775791,79.8104818827778,5.43663958652405,6.29809082797272,9.77586208797361,43.1207521765887,23.1776332284005
"W1.033","GmWMC165",23.907873792534,58.3519382294779,209.758024165492,91.9306635981506,3.04389716897293,9.65713989508086,14.6273268253346,63.8127440648035,74.347884320722
"W1.034","GmWMC176",24.2291467558621,47.1468217575954,213.906787572978,94.5646176698558,1.12970323493205,9.65713989508086,15.3203932163862,66.2187896332002,48.1387313222159
"W1.035","GmWMC189",24.5322914938778,33.3561881192235,129.431784785512,82.1835863053295,1.12970323493205,7.30580554810516,12.8946608477057,46.248611415505,35.2421639737446
"W1.036","GmJMC090",23.907873792534,48.7486344873182,187.329317246177,79.8104818827778,4.0231716949675,6.9082868414822,12.6568015061784,46.2130516498443,36.4417663506053
"W1.037","GmWMC014",30.9720689014553,55.6938960372805,221.390388051874,93.5732668241865,5.43663958652406,6.63399573468354,11.1619948700767,39.5225212591455,30.2499443549815
"W1.038","GmWMC146",27.9733939254078,51.2009706946713,206.460868868899,84.6221646629247,3.04389716897294,8.31352026823761,15.3203932163861,63.0909303942842,43.97854830658
"W1.039","GmJMC099",20.460320283234,30.4080458241943,112.961081012472,71.5392279551144,3.52244565248316,6.96990064139435,10.815461674551,41.1959157218711,23.1776332284005
"W1.040","GmWMC103",9.68639243213421,38.4655761803506,150.111542805747,38.21681449302,5.43663958652405,3.2749466675754,15.3203932163861,35.1808018008785,32.7460541643631
"W1.041","GmJMC013",8.70322030883993,28.8922727868976,103.876005103802,33.412019153426,5.91518807003426,4.61856629441866,9.77586208797361,28.4438742093667,18.601431911201
"W1.042","GmWMC143",22.2791887113284,45.9392800795576,179.360136419642,80.0344534501195,3.04389716897293,9.65713989508085,14.6273268253346,60.4442802690475,35.2421639737446
"W1.043","GmJMC064",9.67819933110675,32.1558989437566,121.21338969766,35.0112055541041,4.95809110301381,6.29809082797272,11.5085280656025,33.9571677454133,20.681523419019
"W1.044","GmWMC175",32.9466062490713,67.7439290586609,257.353873938375,114.594246434911,3.52244565248316,7.64171045481598,14.6273268253346,67.9030215310784,62.6993718769415
"W1.045","GmWMC141",15.5034941616253,38.3168998776492,154.885823675214,59.5055311934503,2.08680020195249,8.64942517494842,16.3599928029635,63.5721395079637,50.2188228300338
"W1.046","GmJMC051",24.9583327473053,52.7965212602468,210.466441532075,84.4919141868514,4.95809110301383,6.96990064139435,10.4689284790252,52.0231207796578,30.6659626565451
"W1.047","GmWMC159",23.907873792534,39.8362991662313,164.536126206158,79.8104818827778,1.60825171844227,8.98533008165923,14.6273268253346,46.970425086024,42.3144751003256
"W1.048","GmJMC101",34.5852264545618,68.0086454024951,274.826912921579,115.563888867901,3.04389716897294,7.30580554810516,12.8946608477057,71.512089883674,34.826145672181
"W1.049","UA-4805",17.7729831462296,41.5080010088002,150.288647147392,54.5415408275444,4.95809110301383,7.97761536152679,11.1619948700767,42.208499999119,22.7616149268369
"W1.050","GmWMC147",35.8223847097071,75.2611479732928,299.101512259471,126.613470921455,3.04389716897294,7.30580554810516,15.3203932163862,69.5872534289564,51.8828960362882
"W1.051","GmJMC054",43.7205341001711,72.1933393858453,268.368256717738,144.059798577722,4.00099413599337,7.64171045481598,12.5481276521799,49.7256693676545,21.5135600221462
"W1.052","GmWMC125",37.7805358552682,76.490447159043,318.368203724022,135.919143823139,3.04389716897292,6.96990064139435,13.934260434283,63.5721395079636,45.6426215128343
"W1.053","GmWMC155",25.9251186685447,48.8076448463081,219.702244540018,100.686390045302,2.0868002019525,6.63399573468354,14.9738600208604,53.9479572343757,46.4746581159615
"W1.054","GmWMC108",18.5677139458925,30.777923455305,104.377172708884,55.7065589746448,4.95809110301382,5.6262810145511,12.8946608477057,47.4516341997035,29.0018894502908
"W1.055","GmJMC056",20.3538099698771,37.6025283744256,132.826912696633,64.0860062686959,4.95809110301383,5.96218592126191,12.2015944566541,41.9177293923903,26.0897613393456
"W1.056","GmWMC166",25.7039049408035,53.1772776452137,206.675654985363,89.3111818015647,2.16645881583927,7.96629302234061,15.4902976160265,62.1692295734498,53.2242380905593
"W1.057","Houjaku Kuwazu",43.3436514529083,61.0244854268168,243.554807999946,144.674870270291,4.4795426195036,6.96990064139435,11.8550612611283,46.2130516498443,46.0586398143979
"W1.058","GmWMC163",23.907873792534,66.6082936357902,258.976723964852,79.8104818827778,1.24873498461591,8.47210146770514,12.8387995356871,53.8129211966617,35.4146773338839
"W1.059","GmJMC095",21.9104991650931,40.3548531000433,145.186534837006,64.5708274851911,3.04389716897293,4.28266138770784,10.815461674551,47.2110296428638,30.6659626565451
"W1.060","GmJMC172",23.907873792534,65.698723333696,278.286099849891,139.725352179504,2.08680020195248,8.31352026823761,16.0134596074377,45.5267977449859,66.4435365910138
"W1.061","GmJMC003",12.4556605794131,40.4672668898907,142.703305876486,40.5757953374593,5.91518807003429,5.6262810145511,9.08279569692204,26.5190377546491,26.9217979424728
"W1.062","GmWMC174",29.1532004733609,50.5482454632995,210.500355129411,104.615612740181,1.60825171844224,7.97761536152679,15.6669264119119,54.9103754617345,44.8105849097071
"W1.063","GmJMC085",40.9430728518648,56.789023925471,219.069190723072,126.237191768355,3.04389716897293,6.63399573468353,11.8550612611283,56.3540028027727,29.4179077518544
"W1.064","GmJMC078",23.5409262695561,58.616654573312,192.86905269197,71.2280740400503,4.95809110301383,7.64171045481598,13.2411940432314,49.1358660975814,30.2499443549815
"W1.065","GmJMC179",32.0453651360516,72.4290457193963,314.667853436874,120.028585742192,2.08680020195248,8.3135202682376,15.6669264119119,62.1285121669256,53.9629875441061
"W1.066","GmWMC119",25.87596006238,57.5904254595442,205.30403838198,76.4815099083414,4.95809110301384,6.29809082797272,13.2411940432314,47.2110296428638,38.1542920846897
"W1.067","GmJMC126",42.6963964717396,68.9913595008381,253.61961005389,130.774250018242,3.04389716897292,7.64171045481598,13.2411940432314,50.7630983881179,31.0819809581087
"W1.068","GmWMC182",24.8518224339484,43.0092690409553,164.626562465721,80.9896236079907,1.60825171844224,10.6648546152133,17.0530591940151,57.5570255869712,50.6348411315974
"W1.069","GmWMC019",9.97315096809503,30.168713239358,107.49345548635,37.7030487262863,5.91518807003429,5.96218592126191,13.2411940432314,34.6995926871989,31.4979992596723
"W1.070","GmJMC177",29.8004554545296,66.8409924885967,239.097054038952,98.6602715286061,2.56534868546271,7.97761536152679,16.3599928029635,49.3764706544212,51.4668777347246
"W1.071","GmWMC127",24.7371190195641,52.6623499626871,210.922391007375,91.7642324342791,2.5653486854627,7.64171045481598,16.0134596074377,49.6170752112609,44.3945666081436
"W1.072","GmWMC115",23.907873792534,59.4226395120766,213.2880847753,79.8104818827778,3.08418264706263,8.47210146770514,16.0205972320944,47.7585909892036,41.826119206287
"W1.073","GmWMC038",9.51433731055771,34.429307314552,130.218931097949,39.4469578781571,5.8373541407327,3.9198254594244,11.2479006874834,25.6091374748151,22.5917935890776
"W1.074","GmJMC021",17.4862246102688,44.097144426575,160.673744287291,53.7455656959852,5.91518807003429,6.96990064139435,10.4689284790252,38.789870153474,26.5057796409092
"W1.075","GmWMC160",15.8394113037509,33.3960768833629,126.94478764751,53.8975245847374,1.12970323493203,8.3135202682376,13.934260434283,43.6019612902682,32.3300358627995
"W1.076","GmJMC055",19.1002655126769,39.9124504432247,145.785675056616,57.3274537880018,4.95809110301383,6.96990064139435,10.4689284790252,42.3989385060696,25.6737430377821
"W1.077","GmWMC046",10.5548611410441,35.77852397787,122.426742846807,34.837538252673,5.91518807003429,5.29037610784028,11.1619948700767,35.9026154713974,32.3300358627995
"W1.078","GmJMC030",11.6117711735855,31.7678900562188,110.760465363089,41.5164932202111,5.91518807003429,3.94675648099703,10.815461674551,27.9626650956873,25.673743037782
"W1.079","GmWMC070",11.0710265057736,40.1445305254902,145.209143901897,39.2009292011297,5.43663958652406,3.61085157428621,12.8946608477057,38.3086610397947,34.4101273706174
"W1.080","GmJMC092",33.6512129374322,66.8482449911674,251.513198841552,100.353527717559,4.95809110301384,6.29809082797272,11.1619948700767,50.8200979954593,27.3378162440364
"W1.081","GmJMC180",17.2158522763629,38.8825950781714,141.248789368503,57.0524805607359,3.04389716897292,4.95447120112947,16.7065259984893,63.8127440648036,72.267792812904
"W1.082","GmJMC104",25.7120980418309,42.5451088764243,154.678573913714,82.9650891617695,4.00099413599338,7.97761536152679,11.1619948700767,53.2261435638565,31.0819809581087
"W1.083","GmWMC089",17.1175350640335,47.6472444349805,186.041115094911,54.9105838430855,5.91518807003429,6.63399573468354,11.8550612611283,34.6044125422312,21.5135600221461
"W1.084","5002T",15.7410940914215,35.3034850594827,119.061760355541,48.904589668593,4.95809110301384,7.97761536152679,11.5085280656025,33.9571677454133,19.8494868158918
"W1.085","GmWMC020",23.907873792534,48.7486344873182,187.329317246177,79.8104818827778,4.0231716949675,6.9082868414822,12.6568015061784,46.2130516498443,36.4417663506053
"W1.086","GmWMC156",19.8540308072025,45.1741410583384,189.375952166322,74.4264468414066,2.08680020195248,7.97761536152679,13.934260434283,44.3237749607873,36.906237179999
"W1.087","GmJMC096",30.8327861839886,67.4864652173976,250.175495835506,94.1376855538376,3.52244565248316,8.64942517494842,13.5877272387572,47.911565591785,33.9941090690538
"W1.088","GmJMC093",24.5650638979876,46.5847528083586,178.256060417468,79.8104818827778,3.52244565248315,6.96990064139435,12.8946608477057,50.8200979954594,31.9140175612359
"W1.089","GmWMC169",14.3728462198369,37.6641746462774,133.983743183552,45.4167713648515,4.95809110301383,3.94675648099703,9.77586208797361,43.8425658471079,31.0819809581087
"W1.090","GmWMC134",10.8334265759775,28.2540525606674,103.431360160947,43.4774864988708,4.95809110301383,8.98533008165923,11.5085280656025,27.4814559820078,35.6581822753082
"W1.091","GmWMC120",19.5754653722692,34.8719611565203,123.83980940249,64.0353533057785,3.04389716897294,4.95447120112947,12.8946608477057,52.0231207796579,43.1465117034528
"W1.092","GmJMC080",25.2205119801838,59.9764988053366,233.768851079657,84.9116101653099,4.00099413599338,7.64171045481598,10.815461674551,50.33888888178,29.8339260534179
"W1.093","GmJMC100",33.0367303603733,62.525753458972,243.532198935055,79.8104818827778,3.52244565248315,8.64942517494842,11.8550612611283,48.8952615407417,31.4979992596723
"W1.094","GmWMC140",19.4853412609672,32.4822615594424,127.981036455011,71.9444516584536,2.08680020195248,5.96218592126191,13.934260434283,46.4892159723447,29.0018894502908
"W1.095","GmJMC145",31.1195447199495,54.5008593643843,198.163342053929,98.486604227175,3.04389716897293,4.95447120112947,13.2411940432314,69.3466488721168,54.3790058456697
"W1.096","GmJMC098",24.1963743517523,54.4355868412471,217.102202077562,82.6611713842651,3.04389716897293,5.96218592126191,13.2411940432314,52.9855390070168,36.906237179999
"W1.097","GmJMC116",28.8336695332903,56.1761874582386,214.875209185806,92.0753863493432,4.47954261950361,7.64171045481598,12.2015944566541,58.0382347006506,33.1620724659267
"W1.098","GmJMC041",11.5953849715306,42.2912712864463,161.936083743701,45.2141595131819,5.91518807003429,6.29809082797272,9.42932889244782,35.6620109145579,21.0975417205826
"W1.099","GmWMC154",22.3775059236578,53.9714266767161,259.452748795749,92.8785976184621,2.08680020195248,9.32123498837005,14.2807936298088,52.5043298933374,35.2421639737446
"W1.100","GmJMC114",29.1859728774707,63.2872662289057,230.739236384272,89.3473624893628,4.00099413599338,8.98533008165923,13.2411940432314,51.0799353654883,33.5780907674902
"W1.101","GmWMC191",30.0872139904905,69.5425496962188,293.867513737221,105.845756125318,1.12970323493202,9.65713989508086,14.9738600208604,74.3993445657509,64.3634450831959
"W1.102","GmJMC063",15.3478252421038,44.1805482061392,168.571844289188,51.2925150632707,4.95809110301384,5.96218592126191,10.815461674551,38.0896192933048,31.9140175612359
"W1.103","C1329",26.9164838928664,58.0944743882146,257.745764396484,98.2478116877073,2.08680020195247,8.98533008165923,14.9738600208604,63.3315349511242,59.3712254644328
"W1.104","GmWMC027",26.0644013860114,55.7192797962783,207.696831082936,80.591636042211,4.95809110301383,8.64942517494842,10.1223952834994,35.6620109145578,17.3533770065102
"W1.105","GmWMC022",17.8794934595865,32.696210385281,125.007944421854,54.1724978120033,4.95809110301384,7.97761536152679,12.5481276521799,27.0002468683284,21.9295783237097
"W1.106","GmJMC044",19.9277687164496,41.0039520801298,151.973022481766,62.5519451060544,5.91518807003429,6.63399573468354,9.08279569692203,26.7596423114887,23.5936515299641
"W1.107","GmWMC107",15.2003494236096,47.9083345275292,170.953332457699,49.881468239143,4.95809110301383,4.61856629441866,13.2411940432314,42.8801476197491,44.3945666081436
"W1.108","GmWMC029",25.8431876582702,52.952450065519,183.919631172645,71.9299793833344,5.43663958652405,5.96218592126191,10.815461674551,30.8499197777638,26.5057796409092
"W1.109","GmWMC142",23.5327331685286,51.9951197261737,212.908220540295,89.7815307429406,3.04389716897294,8.64942517494842,16.0134596074377,55.5156530486729,47.3066947190887
"W1.110","GmJMC031",26.1053668911486,47.5130731374207,182.031774254253,90.8018261388484,4.47954261950361,6.63399573468354,11.5085280656025,41.1959157218711,43.5625300050164
"W1.111","GmJMC105",14.7169564629899,39.2053314425719,140.84936255543,48.9118258061526,4.00099413599338,7.30580554810516,12.2015944566541,52.0231207796581,36.0742005768718
"W1.112","GmJMC069",24.753505221619,48.8221498514497,177.08038904314,78.2326551977718,4.95809110301383,6.96990064139435,11.8550612611283,32.0529425619622,34.826145672181
"W1.113","GmWMC150",14.4056186239467,28.5187689045015,116.201713646838,60.09889447334,2.08680020195248,8.31352026823761,18.0926587805924,46.2130516498443,47.7227130206523
"W1.114","GmWMC083",18.8380862797984,26.132695558709,97.0179220868874,62.2407911909903,4.95809110301383,4.95447120112947,9.7758620879736,24.3535967430917,25.2577247362185
"W1.115","GmWMC113",6.38457271807092,23.9836533389874,84.9051854538909,27.9849159837038,4.00190647828599,3.41401701405987,12.3084999196192,25.2710787900735,29.0032354614808
"W1.116","GmWMC151",26.5314081445762,49.3189462775493,209.437729079538,95.3750650765343,3.04389716897293,7.64171045481598,15.3203932163862,58.0382347006506,50.2188228300338
"W1.117","GmWMC010",6.32722101087876,19.7359882912655,71.1870654490038,28.1441110100156,5.91518807003428,4.28266138770784,9.42932889244782,19.3009010494578,22.3455966252733
"W1.118","GmJMC016",16.9618661445119,45.4025948893186,170.267524156007,55.5256555356541,5.91518807003428,5.29037610784028,10.815461674551,33.7371744598402,33.5780907674902
"W1.119","GmWMC183",25.2696705863485,52.6224611985477,205.910714956553,82.9650891617695,2.08680020195248,9.65713989508086,15.3203932163861,53.2977942070806,46.0586398143979
"W1.120","GmWMC124",19.4853412609672,40.8552757774284,136.738280922763,57.9714700308089,4.00099413599339,5.29037610784028,14.2807936298088,46.9704250860241,45.6426215128343
"W1.121","GmWMC123",29.3826073021296,61.9274219968812,262.862949416797,107.119316335813,3.04389716897293,7.64171045481598,15.6669264119119,54.9103754617345,43.5625300050164
"W1.122","GmJMC004",8.93262713760859,25.0339414192332,94.2030935079669,33.3396577778297,5.91518807003428,5.29037610784028,9.42932889244782,25.5566195272902,19.4334685143282
"W1.123","GmJMC091",22.5659472472892,49.2137849902728,187.133886564639,75.9749802791673,4.95809110301383,7.64171045481598,12.2015944566541,44.564379517627,40.6504018940713
"W1.124","GmWMC129",23.907873792534,34.6833960896796,124.834608257691,63.1597806610633,3.04389716897293,4.61856629441866,12.2015944566541,50.8200979954594,49.3867862269066
"W1.125","GmWMC012",45.8998989734734,58.6021495681704,202.210364669405,117.604479659716,5.91518807003428,5.96218592126191,10.815461674551,28.203269652527,27.7538345456
"W1.126","GmWMC045",11.1529575160482,30.1179457213624,108.846231202324,37.3340057107452,4.47954261950361,5.96218592126191,9.77586208797361,30.4855318364169,14.4412488955652
"W1.127","GmJMC040",23.30332633976,42.9838852819575,154.957419047368,71.1122958390962,5.43663958652405,6.29809082797272,12.2015944566541,27.4814559820077,38.9863286878169
"W1.128","GmJMC079",26.7034632661527,58.707310855447,207.7458173902,82.3427813316414,4.47954261950361,7.64171045481598,9.7758620879736,33.0153607893212,29.0018894502908
"W1.129","GmWMC018",13.7337843396956,34.0253631793314,118.010704189041,42.066439674743,5.8373541407327,5.43725079551798,10.1873014553476,15.7571313212107,21.8794111588106
"W1.130","GmWMC015",15.569038969845,35.9054427728589,127.981036455011,52.08849019483,5.43663958652406,7.30580554810516,12.2015944566541,24.8348058567711,19.0174502127646
"W1.131","GmJMC102",23.631050380858,35.7567664701576,127.291459975838,73.362734620141,4.95809110301383,5.6262810145511,10.815461674551,40.3074781348971,28.5858711487272
"W1.132","GmJMC043",21.1321545674851,33.4069556372191,117.516807587994,63.0801831479074,5.43663958652406,4.61856629441866,10.815461674551,22.9099694020535,20.2655051174554
"W1.133","GmWMC066",18.4612036325356,40.4781456437469,158.137760842025,61.4882328847889,4.95809110301383,6.63399573468354,10.815461674551,27.4814559820079,17.7693953080739
"W1.134","GmWMC073",19.2887068363083,31.2529623736922,110.997860544444,59.1654327281478,4.95809110301383,6.96990064139435,10.1223952834994,25.1453580153374,21.9295783237098
"W1.135","GmWMC132",27.7030215915018,53.0467325989394,198.494941672329,88.3994284690514,4.00099413599339,5.62628101455109,14.9738600208604,46.7298205291844,50.2188228300338
"W1.136","GmWMC170",27.4981940658155,51.2118494485275,218.130914530099,104.094610835888,2.08680020195248,8.64942517494842,16.7065259984893,48.4140524270623,60.2032620675599
"W1.137","GmJMC033",19.1821965229514,47.0597917267458,169.28026165577,53.6876765955081,5.43663958652406,6.63399573468354,11.5085280656025,32.7033906780091,19.0174502127646
"W1.138","GmWMC144",23.6720158859953,51.5019495513595,225.52031057195,88.3270670934551,2.56534868546271,7.64171045481598,16.0134596074377,49.3764706544212,48.5547496237795
"W1.139","GmWMC118",27.8668836120509,55.8824611041213,221.518506086256,89.6223357166288,4.95809110301383,5.6262810145511,13.934260434283,63.4365774829312,54.7950241472333
"W1.140","GmJMC139",42.7783274820141,68.9405919828425,299.433111877871,157.822932216138,2.56534868546271,8.98533008165923,14.2807936298088,68.8654397584375,66.0275182894502
"W1.141","GmWMC171",33.9297783723656,64.1394352809745,271.356421460822,123.082235792356,2.56534868546271,8.64942517494842,17.3995923895409,58.2788392574905,59.7872437659964
"W1.142","GmJMC002",5.63080742354531,25.5633741069014,75.7955465092709,26.6100498473742,6.87228503705473,4.28266138770784,10.4689284790252,16.4136463673814,22.3455966252734
"W1.143","GmWMC048",16.3473835674529,45.7579675152877,179.005927736351,50.6774433707022,5.91518807003428,5.29037610784028,11.1619948700767,33.9571677454134,31.0819809581087
"W1.144","GmJMC057",21.2960165880341,33.7115607451927,119.804091319459,67.1541285939788,4.47954261950361,4.28266138770784,13.5877272387572,34.2183835735196,35.2421639737446
"W1.145","GmWMC186",14.5776737455232,31.423396184106,117.369848666203,54.2303869124804,2.08680020195249,7.97761536152679,16.0134596074377,44.3237749607873,39.8183652909441
"W1.146","GmWMC075",26.3757392250546,49.079613692713,173.270761609019,74.0429315507462,5.43663958652406,6.96990064139435,11.5085280656025,32.1020499075026,28.5858711487272
"W1.147","GmWMC011",12.291798558864,25.4110715529146,94.1541072007032,43.0794989330911,4.4795426195036,4.61856629441865,10.1223952834994,25.4161401984916,29.8339260534179
"W1.148","GmJMC081",24.663381110317,47.4840631271375,176.684730407549,78.8187823401018,4.95809110301383,6.29809082797272,12.8946608477057,37.6674034212348,36.906237179999
"W1.149","GmJMC130",19.8704170092574,51.1574556792466,181.21784791818,60.800799816624,4.95809110301383,5.29037610784028,11.5085280656025,44.109521863341,41.4824384971984
"W1.150","GmWMC071",20.550444394536,49.1195024568524,183.441072632454,67.9935205508959,4.00099413599339,8.31352026823761,11.1619948700767,45.2861931881462,28.5858711487272
"W1.151","GmJMC062",16.3965421736177,25.559747855616,88.4189410733717,55.6703782868467,3.52244565248315,5.96218592126191,10.815461674551,38.0680564829549,25.6737430377821
"W1.152","GmWMC178",27.5227733688979,48.3652421894894,180.381312517215,91.7352878840406,3.04389716897294,6.63399573468354,14.9738600208604,62.8503258374448,57.7071522581784
"W1.153","GmWMC157",13.9058394612721,24.4392362084278,90.7702838220279,49.7005648001522,1.12970323493204,6.63399573468354,11.1619948700767,34.9401972440387,24.8417064346549
"W1.154","GmWMC001",6.07323487902773,26.4844419333927,90.8682564365553,27.5579838676856,6.87228503705473,5.29037610784028,8.73626250139625,20.744528390496,24.8417064346549
"W1.155","GmJMC161",25.9906634767643,49.3225725288347,202.040796682723,91.2794112177839,2.08680020195248,6.63399573468353,15.3203932163862,65.2563714058421,53.5469692425425
"W1.156","GmJMC149",24.8026638277837,67.4284451968312,267.271717070528,82.6684075218247,3.04389716897294,6.63399573468354,14.6273268253346,56.113398245933,44.3945666081436
"W1.157","GmJMC065",38.5670735539036,57.4018603927034,205.978542151226,105.664852686328,5.43663958652406,5.62628101455109,11.1619948700767,39.0401302254158,24.8417064346549
"W1.158","GmJMC058",28.5469109973294,57.9494243367986,213.326488240777,89.4124877273995,4.47954261950361,6.96990064139435,12.5481276521799,43.1207521765888,38.5703103862533
"W1.159","GmJMC067",37.7395703501309,82.0349853744179,314.57741717731,118.284676590322,4.95809110301383,7.97761536152679,12.5481276521799,61.4066984964065,34.826145672181
"W1.160","GmJMC007",15.3150528379939,43.4770554567718,173.029598250182,46.7337484007041,5.91518807003428,6.96990064139435,9.7758620879736,30.8499197777637,18.601431911201
"W1.161","GmWMC136",31.3079860435809,75.14510793216,333.761208737261,113.118074372746,2.08680020195248,8.98533008165923,14.2807936298088,53.4667481206961,72.267792812904
"W1.162","C1290",34.2738886155186,60.0925388464694,266.661272318473,126.085232879602,3.04389716897293,8.3135202682376,14.2807936298088,48.6546569839021,64.7794633847594
"W1.163","GmJMC184",46.3587126310108,83.5253746527168,345.103422957543,158.893880574963,2.56534868546271,8.3135202682376,18.0926587805924,72.4745081110331,75.5959392254128
"W1.164","GmWMC087",43.2125618364691,98.7048625333964,342.51091685005,116.95322727935,4.95809110301383,9.32123498837004,13.5877272387572,44.3237749607874,47.3066947190887
"W1.165","GmJMC028",40.1975006583666,84.4391899766373,331.46262047335,130.144706050555,4.00099413599339,7.30580554810516,14.9738600208604,53.4667481206962,36.0742005768718
"W1.166","GmWMC190",37.5675152285544,58.0763431317876,257.169233241765,129.45727298239,1.12970323493203,8.3135202682376,12.5481276521799,63.3315349511242,61.0352986706871
"W1.167","GmWMC188",44.1301891515437,78.1984115144658,310.31560844537,163.82892639063,2.08680020195248,6.96990064139435,15.6669264119119,58.5194438143301,69.7716830035225
"W1.168","GmJMC097",39.8861628193234,84.8344513667458,335.336306924662,133.16941155048,4.00099413599339,5.96218592126191,13.5877272387572,56.3540028027727,44.3945666081436
"W1.169","GmJMC023",22.4430507318775,66.3732060727802,241.033897264608,65.2293160031174,4.95809110301383,7.30580554810516,11.5085280656025,46.248611415505,22.7616149268369
"W1.170","GmJMC082",37.7805358552682,79.3152969103687,322.995525671698,125.803023514777,4.95809110301383,6.96990064139435,13.5877272387572,45.7674023018256,38.5703103862533
"W1.171","GmWMC122",30.3084277182317,57.253184090002,213.756060473705,88.1968166173817,4.00099413599338,5.6262810145511,13.2411940432314,48.8952615407417,49.3867862269066
"W1.172","C0394",36.5761500042327,53.706710332882,204.686057274961,121.388979603403,4.95809110301383,5.6262810145511,12.2015944566541,44.3237749607873,38.5703103862533
"W1.173","GmJMC167",32.397668480232,72.672004555518,321.307382159842,115.629014105938,2.08680020195248,6.63399573468353,15.3203932163862,52.9721255839983,51.4668777347246
"W1.174","GmJMC117",27.8914629151332,38.4365661700674,148.370644809145,99.0293145441473,3.04389716897293,4.95447120112947,12.2015944566541,49.4957504786366,28.5858711487272
"W1.175","GmJMC032",20.7634650212497,43.6039742517607,158.770814658971,64.4261047339985,4.95809110301383,7.30580554810516,13.5877272387572,48.4140524270623,32.3300358627995
"W1.176","GmWMC162",40.2466592645313,75.3227942451446,310.247781250697,142.844127467705,2.56534868546271,7.97761536152679,12.2015944566541,70.5496716563153,71.0197379082132
"W1.177","GmJMC050",16.9045144373197,42.2223725120238,154.757705640832,52.7469787127563,5.91518807003427,5.29037610784028,10.1223952834994,40.7147066081917,27.7538345456
"W1.178","GmJMC039",23.907873792534,47.3498918295778,167.531827304205,79.8104818827778,5.43663958652406,6.29809082797272,12.2015944566541,44.3237749607873,31.9140175612359
"W1.179","GmJMC112",36.5433776001229,74.1587675825315,299.418039167944,124.240017801897,3.52244565248316,9.32123498837004,13.2411940432314,61.1660939395668,49.3867862269066
"W1.180","GmWMC168",38.5834597559585,67.7729390689441,302.481567460664,139.392489851761,2.08680020195248,9.99304480179167,16.7065259984893,53.9479572343757,49.8028045284702
"W1.181","GmJMC128",22.1972577010539,62.9028835926535,232.879561193947,64.2379651574481,5.43663958652406,6.63399573468354,10.4689284790252,33.0153607893211,32.3300358627995
"W1.182","GmJMC088",30.6853103654945,38.414808662355,132.698794662251,89.2171120132895,4.47954261950361,6.29809082797272,10.4689284790252,24.6815785558597,27.3378162440364
"W1.183","GmWMC109",15.2740873328567,38.9913826167334,133.995047715998,47.732335383933,3.52244565248316,5.29037610784028,12.5481276521799,45.0455886313065,46.0586398143979
"W1.184","GmJMC121",21.6237406291322,35.3397475723367,138.871069377474,78.1241131343773,2.56534868546271,6.96990064139435,12.5481276521799,43.6019612902682,36.906237179999
"W1.185","GmJMC106",37.5183566223897,50.6534067505761,202.783127646642,121.403451878522,2.08680020195249,5.6262810145511,12.2015944566541,54.1885617912154,50.2188228300338
"W1.186","GmJMC137",38.2967012199977,73.7598799411376,320.244756109969,138.220235567101,3.04389716897293,5.96218592126191,16.3599928029635,69.3466488721169,57.7071522581784
"W1.187","GmJMC158",20.9600994459086,46.069825125832,206.099123830644,84.5642755624477,2.08680020195248,6.96990064139435,14.2807936298088,52.7449344501771,34.826145672181
"W1.188","GmWMC042",10.3090681102206,24.6350537778393,87.4053013307617,36.9432542825252,4.95809110301383,4.28266138770784,10.1223952834994,30.3687106640844,27.3378162440364
"W1.189","GmJMC076",40.3449764768608,59.1279560045532,206.555073305945,122.648067538778,4.00099413599338,6.96990064139435,14.6273268253346,52.2637253364977,39.8183652909441
"W1.190","GmWMC173",24.0079330281208,47.5457093989893,202.948927455842,85.5845709583555,2.08680020195248,9.32123498837004,16.3599928029635,61.4066984964065,49.3867862269066
"W1.191","GmWMC192",20.206334151383,41.4391022343776,168.605757886524,77.2340682145429,2.08680020195248,8.98533008165923,17.0530591940151,45.7674023018256,49.3867862269066
"W1.192","GmWMC074",22.1317128928343,48.0352533225182,171.673054356727,67.2843790700522,5.91518807003428,7.30580554810516,12.2015944566541,33.6539016101201,32.7460541643631
"W1.193","GmJMC026",17.8385279544493,41.1526283828311,156.619185316851,59.1292520403496,5.91518807003428,5.29037610784028,10.815461674551,33.7371744598402,22.3455966252733
"W1.194","GmWMC187",28.1700283500666,48.0280008199473,197.326806652965,100.476542056073,2.08680020195248,7.30580554810516,19.8253247582213,43.3613567334285,103.469165430173
"W1.195","GmJMC131",37.9607840778721,46.6971665982059,173.651347534683,122.293496798356,4.00099413599338,7.64171045481598,11.5085280656025,48.4140524270624,32.7460541643631
"W1.196","GmWMC153",16.7488455177981,40.3077118333332,171.593922629609,65.0556487016863,1.60825171844226,9.32123498837004,16.0134596074377,54.1885617912153,45.6426215128343
"W1.197","GmWMC181",23.907873792534,34.5528510434052,143.64158206946,70.8083780615918,2.56534868546271,8.3135202682376,10.4689284790252,54.4291663480551,40.6504018940712
"W1.198","GmJMC037",16.9290937404021,43.2159653642231,157.847611175925,53.8034547964622,5.43663958652406,5.96218592126191,9.42932889244782,35.8717604517124,24.8417064346548
"W1.199","GmJMC047",21.6401268311871,55.0411708059087,206.253619107399,68.7460788570973,5.43663958652406,6.63399573468354,12.2015944566541,42.208499999119,32.3300358627995
"W1.200","GmJMC060",23.8031055024345,46.8494691521927,170.881737085544,72.4292728749488,4.95809110301384,7.97761536152679,12.2015944566541,45.6937067501927,23.1776332284005
"W4.001","GmJMC013",2.75064666215096,8.32973039567082,29.1633416505032,10.4557679980255,4.96311502672532,4.76115118904221,11.2892774684519,21.8021336450925,23.6803714394166
"W4.002","GmJMC055",1.89856415529592,6.34254469127225,21.9962680800794,8.16191239162289,4.96311502672531,3.75343646890977,9.55661149082299,23.2457609861308,21.184261630035
"W4.003","GmWMC072",4.42112090387898,10.7339349978903,36.1080927494993,18.6832564033243,3.52746957619464,3.41753156219896,13.0219434460808,38.4038480670325,32.416755772252
"W4.004","GmJMC081",3.97141871524136,9.29676719114613,33.5975714112701,14.1896149787944,4.9292648077371,3.12291410720091,10.9123815828412,23.0185358831282,25.5898209594465
"W4.005","GmJMC039",7.72385898581452,16.9892184652033,63.0279526796293,25.5069341220551,4.96311502672531,5.09705609575302,10.5962110774003,37.6820343965133,30.7526825659976
"W4.006","GmJMC061",9.35428609027753,19.3716655597103,75.0220616042657,32.7503078192443,4.96311502672532,4.08934137562058,10.5962110774003,32.6293387028795,35.7449021847607
"W4.007","GmJMC037",4.29914275633945,13.1780283642491,44.7409873603515,14.4066991055832,4.96311502672531,4.76115118904221,8.86354509977141,24.9299928840088,25.7604629472345
"W4.008","GmWMC022",4.24179104914728,13.558784749216,53.8185269140585,14.3126293173081,5.44166351023554,3.75343646890977,13.0219434460808,24.4487837703294,25.7604629472345
"W4.009","GmJMC054",17.8996904619103,23.1248356400982,91.7565378010333,64.1479086904772,3.04892109268441,6.77658062930709,14.408076228184,29.6603667015386,32.0007374706883
"W4.010","GmWMC155",8.0188106228028,13.5370272415036,51.2335571615292,29.2118365525854,1.13472715864351,7.11248553601791,14.408076228184,31.6669204755206,30.7526825659976
"W4.011","GmWMC150",4.35649446353162,8.90630435004923,35.1585120240805,18.495116826774,2.57037260917418,7.78429534943953,15.7942090102871,22.0427382019323,22.8483348362894
"W4.012","GmJMC065",12.8855126331095,16.9420771984931,61.1664730036097,37.4755056456824,4.96311502672531,4.4252462823314,9.90314468634877,29.0390722944799,27.0085178519253
"W4.013","GmJMC041",2.66052255084899,12.6268381688685,45.3099821601065,10.0215997444477,5.92021199374577,2.0739119353557,9.90314468634877,23.6404641315024,23.264353137853
"W4.014","GmWMC015",5.29870108168863,11.3612764702643,39.7330794870113,17.0406531772884,5.92021199374576,3.75343646890977,11.6358106639777,22.283342758772,21.6002799315986
"W4.015","GmWMC153",5.9049905577201,13.1707758616783,47.5030614545264,22.6269513733225,2.09182412566396,3.41753156219896,14.7546094237097,35.7571979417957,30.336664264434
"W4.016","GmWMC152",7.10937640875559,12.3439905686074,43.3015435622958,22.3157974582584,3.04892109268441,4.76115118904221,14.0615430326582,38.6444526238722,33.2487923753791
"W4.017","GmWMC024",4.47119787791595,12.4092630917445,46.3273900801982,14.9928262479132,5.92021199374576,4.4252462823314,11.9823438595035,23.9675746566499,25.3444446456709
"W4.018","GmWMC094",5.06609415307245,7.60810638987645,24.3664517161448,10.2965729717136,4.48456654321508,2.74572174877733,11.9823438595035,27.5766430092456,25.7604629472345
"W4.019","GmWMC124",4.07792902859824,8.6343355036443,27.1134531003925,12.691734503951,4.00601805970486,1.73800702864489,13.7150098371324,31.6669204755206,29.9206459628704
"W4.020","GmWMC109",3.38970854229224,8.51466921122616,27.7050569650385,12.6700260912721,4.00601805970486,2.40981684206652,11.9823438595035,32.5118994978716,31.1687008675612
"W4.021","GmJMC059",5.55268721353966,13.2433008873863,44.5789557286332,18.1550183614714,4.96311502672532,4.4252462823314,11.6358106639777,28.5390612366044,25.7604629472345
"W4.022","GmJMC090",5.06609415307245,11.1219438854279,38.3087083988829,17.5399466689029,4.96311502672531,3.08162665548814,10.5962110774003,28.3930187920573,25.7604629472345
"W4.023","GmJMC112",3.00463279400199,7.53195511288305,24.3099290539175,10.6439075745758,3.04892109268442,2.0739119353557,11.2892774684519,32.3887341460397,27.4245361534889
"W4.024","GmWMC127",6.4047697203947,11.3939127318328,40.136274477566,20.4416378303143,3.04892109268441,5.76886590917465,15.1011426192355,31.9075250323603,34.0808289785063
"W4.025","GmJMC028",6.91274198409674,14.9077502273843,53.2683730017127,21.2520852369929,3.04892109268441,3.41753156219896,13.0219434460808,31.4263159186809,32.8327740738155
"W4.026","GmJMC126",3.92226010907665,10.7303087466049,35.1396711366714,12.2720385254925,3.04892109268441,4.4252462823314,13.7150098371324,27.0954338955661,26.5924995503617
"W4.027","GmWMC048",6.15897668957113,15.2196078379287,57.1382912755429,19.9495804762595,4.96311502672531,5.43296100246384,11.9823438595035,28.5390612366044,27.8405544550525
"W4.028","GmJMC044",4.17624624092767,14.9476389915237,55.2089844048505,14.5224773065373,5.92021199374576,5.09705609575303,10.9427442729261,22.7645518724514,23.264353137853
"W4.029","GmWMC160",4.51216338305321,8.56543672922174,29.5891457059489,15.5427727024451,1.13472715864351,3.08162665548814,10.5962110774003,26.373620225047,24.5124080425438
"W4.030","GmJMC121",6.09343188135151,11.4338014959722,39.5182933705476,19.6311904236358,3.04892109268441,5.09705609575303,13.7150098371324,29.0202703502838,25.7604629472345
"W4.031","GmWMC135",9.74755493959524,19.7197856831086,79.7812697638057,38.2714807772417,3.04892109268442,5.43296100246384,14.7546094237098,41.291102749109,41.5691584066509
"W4.032","GmWMC036",2.40653641899797,8.26083162124822,29.9358180342763,10.1156695327229,5.92021199374577,4.76115118904221,12.675410250555,14.1027878262219,16.192042011272
"W4.033","GmJMC016",3.75020498750015,13.4246134516562,49.4248319702551,11.9825930231073,5.92021199374576,4.08934137562058,10.5962110774003,23.7269700998102,23.264353137853
"W4.034","GmJMC095",15.2205464259334,22.7549580089875,89.213018000804,53.503550340262,3.0489210926844,4.76115118904221,14.0615430326582,36.7196161691545,32.416755772252
"W4.035","GmJMC102",9.4280239995246,17.8087512557034,69.4187816887979,36.3032513610224,4.96311502672531,4.4252462823314,10.2496778818746,31.6669204755206,27.0085178519253
"W4.036","GmJMC128",4.59409439332773,14.9440127402383,58.8038257225079,15.0651876235095,5.44166351023554,4.76115118904221,10.5962110774003,25.1705974408485,26.1764812487981
"W4.037","GmWMC108",6.51947313477903,18.4651027383606,64.1621741016574,19.8338022753054,4.96311502672531,4.76115118904221,13.0219434460808,35.9978024986354,34.0808289785063
"W4.038","GmWMC144",3.7747842905825,10.5562486849057,39.3864071586837,13.3429868843177,3.04892109268441,5.43296100246384,13.7150098371324,33.1105478165589,24.5124080425438
"W4.039","GmWMC006",3.90587390702174,14.3166712678643,50.7210850240016,12.3154553508503,5.92021199374576,2.74572174877733,10.2496778818746,25.4112019976882,27.4245361534889
"W4.040","GmJMC031",8.34653466390089,17.9610538096902,65.1984229091582,28.4737505215032,2.23538867071703,5.65195633402354,9.90314468634877,34.0729660439177,26.5924995503617
"W4.041","GmJMC057",3.73381878544524,10.4547136489145,34.6950261938165,12.8364572551436,3.04892109268441,3.41753156219896,14.408076228184,23.9675746566499,24.5124080425438
"W4.042","GmJMC111",12.6069471981761,20.2347133656353,71.943460601618,38.7563019937369,4.48456654321509,4.4252462823314,13.7150098371324,36.3139432263155,32.416755772252
"W4.043","GmJMC172",4.18443934195512,10.0304422485229,34.3634265754162,15.3980499512525,3.04892109268441,7.11248553601791,15.1011426192355,19.8772971903749,27.4245361534889
"W4.044","GmWMC183",7.23227292416738,12.304101804468,42.6232716155681,23.4663433302395,3.04892109268441,4.4252462823314,14.7546094237098,32.5118994978716,30.336664264434
"W4.045","GmJMC091",8.37111396698325,14.6430338835502,52.6315510072849,27.3376769246413,3.52746957619464,4.4252462823314,12.675410250555,29.7420840208029,30.7526825659976
"W4.046","GmJMC077",4.6514461005199,11.5353365319634,41.4400638862762,15.1664935493444,4.48456654321509,3.41753156219896,11.2892774684519,27.3360384524059,29.0886093597432
"W4.047","GmJMC021",3.28319822893537,9.10937442203158,31.503379866714,10.6873243999336,5.84698863896045,3.62872255256543,9.85178235070538,23.0051564292911,20.6031439475774
"W4.048","GmJMC180",2.66871565187644,7.52832886159766,25.3725551037911,9.73939037962215,4.00601805970487,3.75343646890977,12.675410250555,28.2984566797647,27.4245361534889
"W4.049","GmWMC029",5.36424588990825,15.4263041611964,56.8104598346245,16.794624500261,5.44166351023554,4.08934137562058,11.2892774684519,19.2047464483178,24.5124080425438
"W4.050","GmWMC169",5.06609415307245,16.7535121316524,64.0792741970575,16.1795528076925,5.92021199374576,3.08162665548814,10.2496778818746,24.4487837703294,24.5124080425438
"W4.051","GmWMC070",3.18488101660594,12.3367380660366,39.1979982845927,11.0201867276766,6.87730896076621,2.40981684206651,10.5962110774003,19.5215834256881,22.0162982331622
"W4.052","GmWMC129",4.00419111935117,8.08677155954908,24.9806646456817,12.4457058269236,3.04892109268441,1.73800702864489,11.9823438595035,36.7196161691545,31.1687008675612
"W4.053","GmWMC154",3.30777753201772,7.10043120992059,23.5713662674805,11.2951599549425,3.04892109268441,4.4252462823314,13.0219434460808,19.3960880766955,20.3522250269079
"W4.054","GmWMC141",3.73381878544524,7.17658248691396,22.5501901699071,11.6786752456029,1.61327564215373,2.74572174877733,13.3684766416066,29.6603667015386,28.2565727566161
"W4.055","GmJMC053",1.57903321522528,7.85831772856896,24.9203738059727,6.46142006510993,4.48456654321509,3.41753156219896,10.5962110774003,21.0803199745734,23.264353137853
"W4.056","GmJMC184",4.58590129230028,9.0912431656046,29.2387052001396,15.6368424907203,3.04892109268441,4.4252462823314,13.7150098371324,30.4638976913221,28.256572756616
"W4.057","GmJMC032",2.73426046009606,7.55733887188087,24.6113832524633,9.84069630545696,4.48456654321509,4.76115118904221,11.6358106639777,27.3360384524059,21.184261630035
"W4.058","GmJMC052",2.33279850975089,9.3813432684365,30.282490362604,7.44553477321956,5.92021199374576,3.41753156219896,10.2496778818746,25.6518065545279,21.6002799315986
"W4.059","GmWMC086",1.69373662960961,8.33335664695621,24.0197793878172,6.6495596416603,6.87730896076622,2.40981684206652,9.2100782952972,19.6366926335352,22.4323165347258
"W4.060","GmWMC122",4.73337711079443,11.2669939368439,37.8150771487644,15.1520212742251,4.96311502672531,5.43296100246384,13.0219434460808,25.1705974408485,26.5924995503617
"W4.061","C0394",6.83081097382222,10.9913988391536,34.3182084456343,20.1811368781677,4.00601805970486,4.76115118904221,11.9823438595035,23.2457609861308,26.5924995503617
"W4.062","GmWMC142",5.61823202175927,9.60254459684581,30.4633628817314,16.5051789978758,3.04892109268441,5.76886590917465,13.3684766416066,28.3930187920573,26.1764812487981
"W4.063","GmWMC136",5.04471494983761,9.49013080699845,31.0700394563046,15.5210642897662,1.13472715864351,5.76886590917465,14.7546094237097,34.3135706007574,32.4167557722519
"W4.064","GmWMC187",7.20769362108502,12.5724443995875,42.6534170354226,22.127657881708,3.04892109268441,5.76886590917465,14.0615430326582,29.6603667015386,30.336664264434
"W4.065","GmJMC137",5.02013564675525,10.186371053795,34.1034223291706,15.8539266175092,3.52746957619463,5.09705609575302,14.7546094237097,28.7796657934441,25.7604629472345
"W4.066","GmJMC149",5.57726651662201,9.6932008789808,31.8726612599325,15.5210642897662,3.04892109268441,6.10477081588546,13.0219434460808,27.4425078599463,25.3444446456709
"W4.067","Houjaku Kuwazu",3.76659118955505,9.19640445288115,27.8143341120112,11.8812870972725,3.52746957619463,5.09705609575303,10.9427442729261,26.6142247818867,22.4323165347258
"W4.068","GmJMC062",4.42203927175123,10.0413210023791,33.3648595427336,14.8915203220784,4.96311502672531,3.41753156219896,8.17047870871985,24.6893883271691,24.0963897409802
"W4.069","C1329",3.30777753201772,7.12218871763299,20.9675556275422,10.5136570985025,1.13472715864351,3.08162665548814,14.408076228184,33.1105478165589,27.4245361534889
"W4.070","GmWMC171",5.06609415307245,10.3459261103526,33.5155866420064,20.3909848673969,3.52746957619463,4.76115118904221,12.3288770550293,26.373620225047,24.5124080425437
"W4.071","GmWMC138",1.37420568953898,4.19943018160151,12.7340878297631,5.65097265843141,3.52746957619464,3.41753156219896,12.3288770550293,15.0652060535807,14.111950503454
"W4.072","GmJMC092",4.36468756455907,9.66781711998298,31.5862797713141,13.082485932171,3.52746957619464,3.75343646890977,10.9427442729261,28.7796657934441,30.336664264434
"W4.073","GmJMC097",3.34874303715498,6.96263366107544,22.067863452234,10.4774764107044,3.04892109268441,1.40210212193408,12.3288770550293,24.2081792134896,20.7682433284715
"W4.074","GmJMC002",5.06609415307245,6.76500465349567,12.5795925530085,4.50766292400994,7.83440592778667,1.73800702864489,7.47741231766828,13.6215787125425,13.6959322018904
"W4.075","GmWMC156",2.3491847118058,5.87838452674119,18.9176670774315,8.48753858180622,3.04892109268441,3.75343646890977,11.2892774684519,20.3585063040543,18.6881518206535
"W4.076","GmJMC068",5.73293543614361,10.4402086437729,33.2631187507245,16.541359685674,3.52746957619463,6.44067572259628,10.5962110774003,24.6893883271691,25.3444446456709
"W4.077","GmJMC033",1.31685398234681,9.03322314503819,32.2645517180419,5.46283308188104,6.39876047725599,3.41753156219896,10.2496778818746,17.9524607356572,15.7760237097084
"W4.078","GmWMC147",8.37111396698325,14.7445689195414,47.8459656053721,25.195780206991,3.52746957619464,5.43296100246384,14.0615430326582,40.5692890785898,36.1609204863243
"W4.079","GmWMC151",7.37974874266152,13.468128467081,43.4145888867506,21.7586148661669,3.04892109268441,5.09705609575303,13.3684766416066,26.373620225047,31.5847191691248
"W4.080","GmJMC139",9.05114135226179,14.704680155402,46.2595628855253,25.449045021578,3.04892109268441,4.4252462823314,11.9823438595035,31.4263159186809,27.4245361534889
"W4.081","GmWMC140",4.08612212962569,8.3188516418146,28.3531834919116,13.3791675721158,3.04892109268441,3.41753156219896,13.0219434460808,27.5766430092456,20.7682433284715
"W4.082","GmWMC182",4.62686679743754,9.22541446316433,32.9013737124696,18.5819504774895,1.13472715864351,5.76886590917465,14.7546094237097,30.7045022481618,27.4245361534889
"W4.083","GmJMC131",7.15034191389286,12.7388263715473,40.5451953430852,20.6153051317454,3.09381714529038,5.14614788865901,11.9729808149769,34.0729660439177,27.7269682502475
"W4.084","GmWMC103",1.57084011419783,10.4184511360606,35.5504024821898,6.40353096463289,5.92021199374577,2.74572174877733,10.9427442729261,24.2081792134896,22.8483348362894
"W4.085","GmWMC190",5.76570784025342,12.0792742247732,40.0797518153389,17.713613970334,1.13472715864351,4.4252462823314,13.7150098371324,26.8548293387264,27.0085178519253
"W4.086","GmWMC118",5.05290805086506,15.0056590120901,57.5038044912797,17.8655728590862,5.44166351023554,4.08934137562059,12.3288770550293,26.8088339052057,26.5924995503617
"W4.087","GmJMC003",1.82482624604885,6.43320097340725,19.6976798161685,5.41941625652328,6.87730896076621,2.0739119353557,8.17047870871984,14.7690287651332,16.192042011272
"W4.088","GmWMC001",0.980936840221265,7.31075378447374,21.2464007611971,5.06484551610143,7.35585744427644,2.74572174877733,7.82394551319406,17.7118561788175,14.9439871065812
"W4.089","GmJMC101",5.17580456627685,10.403946130919,32.4793378345056,15.2388549249406,3.04892109268441,4.08934137562058,14.0615430326582,31.4263159186809,26.1764812487981
"W4.090","GmJMC110",11.3534027409759,17.3155810808892,58.524980588853,32.5187514173361,4.00601805970486,5.43296100246384,12.675410250555,36.4790116123148,34.4968472800699
"W4.091","GmWMC123",2.77522596523332,9.38859577100726,28.0743383582568,8.48753858180622,3.04892109268441,3.75343646890977,12.675410250555,30.4638976913221,26.5924995503617
"W4.092","GmWMC087",2.40653641899797,5.29818432107736,14.7425264275738,7.90141143947622,3.04892109268441,2.74572174877733,12.3288770550293,25.4112019976882,22.4323165347258
"W4.093","GmWMC148",2.98824659194708,7.45943008717509,21.8719182231794,9.93476609373215,2.09182412566396,2.0739119353557,10.9427442729261,22.7645518724514,21.184261630035
"W4.094","GmWMC084",2.35737781283325,8.95540595011461,29.6551425134951,8.96512366074178,4.9292648077371,4.13453099792996,12.5032804310448,22.5239473156117,20.6031439475774
"W4.095","GmWMC010",1.43975049775859,7.46479519761029,24.1466260627695,5.68715334622956,5.84698863896045,3.62872255256543,9.85178235070538,18.1930652924969,13.4793196449072
"W4.096","GmWMC045",4.26637035222964,9.31969699658472,30.8326442749499,12.8002765673455,4.96311502672531,5.09705609575302,10.9427442729261,22.0562792446507,20.3522250269079
"W4.097","C1290",4.60228749435519,8.65609301135671,27.2038893599562,14.5297134440969,3.04892109268441,5.43296100246384,14.0615430326582,20.1179017472146,19.5201884237807
"W4.098","GmJMC051",6.31464560909272,12.1372942453396,41.57195009814,18.8931043925536,4.96311502672532,5.76886590917465,12.3288770550293,26.1330156682073,26.5924995503617
"W4.099","GmWMC038",2.04603997379007,8.03237779026811,27.7728841597112,8.49477471936585,5.44166351023554,2.74572174877733,9.90314468634877,17.6205615614661,14.9439871065812
"W4.100","GmWMC162",6.30645250806527,13.1562708565367,46.0899948988435,19.9568166138191,3.04892109268441,4.08934137562058,12.3288770550293,32.1481295892,29.9206459628704
"W4.101","GmWMC176",8.80534832143822,14.9077502273843,54.5420169905681,28.4158614210262,1.13472715864351,6.44067572259628,13.7150098371324,27.0954338955662,25.3444446456709
"W4.102","GmWMC115",10.4521616279561,17.8268825121304,60.6577690435637,30.0078116841447,4.00601805970486,4.76115118904221,14.0615430326582,27.8172475660853,31.1687008675612
"W4.103","GmWMC170",1.86579175118611,9.54452457627941,34.747780678562,8.91447069782437,3.04892109268441,8.45610516286116,11.9823438595035,21.3209245314131,18.6881518206535
"W4.104","GmWMC083",8.93643793787746,16.5649470648116,61.7731495781829,27.1929541734488,4.96311502672532,6.10477081588547,11.9823438595035,25.224649018354,14.9439871065812
"W4.105","GmWMC163",4.93001153545328,9.58078708913342,31.250911975432,15.6730231785184,1.25836948284367,5.14614788865901,12.5032804310448,25.4112019976882,21.3155263778444
"W4.106","GmWMC178",7.89591410739102,14.9440127402383,52.9593824482033,25.1595995191928,3.04892109268441,5.76886590917465,13.3684766416066,40.1159869547595,34.4968472800699
"W4.107","GmJMC025",6.01150087107698,14.5523776014153,50.860507590829,18.4806445516547,5.92021199374576,4.4252462823314,9.2100782952972,26.8088339052057,13.2799139003268
"W4.108","GmWMC042",1.86579175118611,9.78748341240117,32.5848468039966,7.44553477321956,5.92021199374576,3.08162665548814,10.5962110774003,19.8772971903749,17.4400969159628
"W4.109","GmJMC056",10.2227547991875,22.0804752699033,78.5151621299139,30.9412734293369,4.48456654321509,5.76886590917465,14.0615430326582,34.3135706007574,29.0886093597432
"W4.110","GmWMC146",12.0498163283093,19.650886908686,76.6122325015943,40.6738784470387,3.04892109268441,4.4252462823314,11.9823438595035,36.4790116123148,25.7604629472345
"W4.111","GmJMC009",3.62730847208836,12.6413431740101,44.0702517685873,10.9912421774381,5.92021199374576,4.08934137562058,9.90314468634877,16.6700506293551,10.3677857893817
"W4.112","GmWMC074",8.80534832143822,18.2656589176637,64.8065324510489,26.0858251268254,4.96311502672531,6.10477081588546,11.9823438595035,27.0954338955661,30.7526825659976
"W4.113","GmJMC161",5.14303216216704,14.0882174368842,47.258129918208,16.2374419081695,3.04892109268441,3.08162665548814,13.0219434460808,42.9753346469869,34.9128655816335
"W4.114","GmWMC071",9.11668616048141,19.3789180622811,69.9689356011438,27.1929541734488,4.48456654321509,6.77658062930709,13.0219434460808,28.5390612366044,20.7682433284715
"W4.115","GmJMC023",5.59365271867692,19.4115543238497,71.163447862881,17.4892937059855,5.92021199374576,7.78429534943953,13.3684766416066,23.4863655429705,18.2721335190899
"W4.116","GmJMC008",1.08744715357814,11.6658815782378,35.9234520528902,5.21680440485365,6.87730896076622,4.08934137562058,8.51701190424563,11.9373468146645,11.1998223925089
"W4.117","GmWMC165",2.88992937961765,11.1364488905695,36.3304152209268,9.99989133176881,4.00601805970486,5.09705609575302,15.1011426192355,43.697148317506,41.9851767082145
"W4.118","GmWMC011",6.53585933683393,13.4246134516562,44.9708461867426,18.9220489427921,4.96311502672531,5.09705609575302,11.6358106639777,19.6366926335352,20.7682433284715
"W4.119","GmJMC043",3.11933620838632,11.2089739162775,37.0426007649911,9.81175175521844,5.92021199374576,6.10477081588546,11.6358106639777,30.2940406562793,19.1041701222171
"W4.120","GmWMC166",4.15166693784531,10.3096635974986,31.0511985688956,13.1114304824095,3.04892109268441,3.41753156219896,11.9823438595035,37.922638953353,30.336664264434
"W4.121","GmJMC030",5.39701829401806,18.3128001843739,60.8876278699549,15.6585509033992,6.39876047725599,5.09705609575303,10.2496778818746,16.9900425082984,12.4478772971997
"W4.122","5002T",5.75751473922596,12.8661707537048,42.9661757664138,17.713613970334,4.96311502672531,6.77658062930709,12.675410250555,21.618600942837,20.3522250269079
"W4.123","GmWMC075",5.57726651662201,21.5365375770935,75.5194610318661,16.8886942885362,5.44166351023554,5.43296100246384,11.9823438595035,27.4425078599463,17.8561152175263
"W4.124","GmWMC173",7.05202470156343,11.3721552241204,38.286099333992,21.3895718506258,1.13472715864351,5.09705609575303,14.7546094237097,33.3511523733986,29.0886093597432
"W4.125","GmJMC082",6.77345926663005,11.3213877061249,41.53050014584,22.4532840718914,3.52746957619464,5.09705609575302,10.9427442729261,24.274138086243,18.2721335190899
"W4.126","C1322",4.74976331284933,9.6605646174122,30.534958253886,14.1172536031981,4.48456654321509,5.43296100246384,10.2496778818746,21.3209245314131,20.7682433284715
"W4.127","GmJMC064",4.67602540360226,11.1727114034235,36.6318694194725,15.6296063531606,4.96311502672532,3.41753156219896,10.9427442729261,26.6142247818867,22.8483348362894
"W4.128","GmWMC175",6.88816268101438,13.5334009902182,44.2850378850512,22.0408242309925,3.52746957619463,6.44067572259628,13.0219434460808,42.4941255333075,29.0886093597432
"W4.129","GmJMC114",4.70879780771207,11.0095300955806,37.2837641238276,15.6368424907203,3.52746957619464,4.76115118904221,12.675410250555,36.2384070554751,29.0886093597432
"W4.130","GmJMC105",7.52722456115566,10.2443910743614,32.5245559642876,22.0914771939099,4.00601805970486,3.75343646890977,10.9427442729261,31.5613885657606,22.8483348362894
"W4.131","GmJMC040",4.55312888819047,8.95707186804484,28.9146419367029,14.0231838149229,4.96311502672531,2.40981684206652,12.3288770550293,26.373620225047,28.6725910581796
"W4.132","GmJMC034",5.93776296182991,13.9467936367536,45.8337588300796,18.4299915887373,4.96311502672531,2.40981684206652,12.675410250555,25.8924111113676,22.4323165347258
"W4.133","GmWMC185",4.63505989846499,12.8299082408508,38.8927759085652,13.9074056139688,2.57037260917418,2.74572174877733,13.7150098371324,42.2535209764678,41.1531401050873
"W4.134","GmWMC027",4.26637035222964,10.8390962851668,37.3101413662003,13.6975576247395,4.96311502672531,3.75343646890977,11.9823438595035,28.5390612366044,23.6803714394166
"W4.135","GmJMC130",9.56730671699129,16.2820994645505,53.1176459024398,24.1103595730466,4.96311502672531,4.76115118904221,11.6358106639777,30.2940406562793,29.0886093597432
"W4.136","GmWMC188",8.24821745157147,17.5621661682963,58.4910669915167,24.3998050754317,2.09182412566396,8.79201006957197,14.408076228184,42.7347300901472,37.8249936925786
"W4.137","GmJMC007",3.69285328030798,14.9077502273843,51.9269018181843,12.3082192132907,5.92021199374576,5.09705609575303,9.90314468634877,22.6899531993914,16.6080603128356
"W4.138","GmWMC046",1.16118506282521,9.77660465854496,27.5694025756927,5.1806237170555,6.87730896076621,2.74572174877733,6.78434592661671,19.1554835198558,14.5279688050176
"W4.139","GmWMC035",5.26592867757882,13.7147135544881,47.6537885537992,15.426994501491,5.92021199374576,4.76115118904221,11.2892774684519,25.4112019976882,21.6002799315986
"W4.140","GmWMC186",3.21765342071575,7.04603744063962,22.4107676030798,11.1214926535114,3.04892109268441,3.08162665548814,10.9427442729261,27.5766430092456,23.6803714394166
"W4.141","GmJMC050",5.10206665702978,14.1897524728754,48.7691690884181,15.5427727024451,5.92021199374576,3.75343646890977,11.2892774684519,29.0202703502838,26.5924995503617
"W4.142","GmWMC107",2.98824659194708,16.2240794439841,52.9819915130941,8.39346879353104,6.39876047725599,3.08162665548814,11.2892774684519,22.7645518724514,23.6803714394166
"W4.143","GmJMC098",13.2542021793448,25.55079775003,93.3467086983618,43.286124106065,3.04892109268441,5.76886590917465,13.3684766416066,38.6444526238722,37.408975391015
"W4.144","GmWMC089",10.9847131947405,20.5973384941752,80.9569411381341,30.4926329006398,5.92021199374577,5.76886590917465,9.90314468634877,24.8650571591808,21.184261630035
"W4.145","GmJMC179",6.87177647895948,16.8079059009333,59.6177520585813,19.7614408997092,3.04892109268441,7.11248553601791,12.675410250555,38.1632435101928,35.3288838831971
"W4.146","GmJMC005",3.2258465217432,10.5671274387619,37.1594142669275,10.3182813843925,5.92021199374576,4.4252462823314,8.86354509977142,21.0803199745734,12.4478772971997
"W4.147","GmJMC117",9.16584476664613,15.1760928225039,54.5307124581227,29.8269082451539,3.04892109268441,5.09705609575302,13.3684766416066,34.7947797144368,34.0808289785063
"W4.148","GmJMC167",6.62598344813591,15.8650805667296,58.9545528217807,23.6255383565514,3.04892109268441,5.43296100246384,11.6358106639777,29.9666312134353,27.4245361534889
"W4.149","GmWMC018",5.15941836422194,10.6650362234677,37.5927546773368,15.4631751892892,5.92021199374577,4.08934137562058,10.5962110774003,17.7118561788175,18.6881518206535
"W4.150","GmJMC106",4.03696352346098,6.92274489693605,21.6948138815337,12.8436933927032,2.57037260917418,3.41753156219896,11.6358106639777,19.6366926335352,14.9439871065812
"W4.151","GmWMC073",4.63278121825266,10.3422998590672,34.1750177013252,13.4424905870806,4.96311502672531,3.41753156219896,11.6358106639777,65.2138701337391,16.192042011272
"W4.152","GmJMC017",5.23623828476484,10.8971163057332,39.0774166051744,18.1445150625451,4.48456654321509,3.75343646890977,11.2892774684519,69.2012313425152,18.2721335190899
"W4.153","GmJMC104",7.64105972892531,14.0628336778864,43.9873518639874,22.0782623246078,4.00601805970487,4.76115118904221,12.3288770550293,60.5394672962857,27.4245361534889
"W4.154","GmJMC004",1.84967325478604,9.34145450429711,31.9894747618689,5.96936271105513,5.92021199374577,3.08162665548814,8.86354509977142,76.3445771612035,13.2799139003269
"W4.155","GmJMC047",2.61955704571173,8.54005297022395,27.4865026710928,8.0895510160266,5.44166351023554,2.74572174877733,10.2496778818746,71.4828477144221,19.9362067253443
"W4.156","GmWMC125",2.36756551335992,6.14310087057531,19.0269442244044,8.25347071951438,3.04892109268441,1.40210212193408,11.6358106639777,68.9606267856755,19.5201884237807
"W4.157","GmJMC060",2.66871565187644,8.11940782111769,27.2754847321107,10.9044085267225,4.48456654321509,3.08162665548814,7.82394551319406,69.9230450130343,22.0162982331622
"W4.158","GmJMC076",4.93820463648073,9.54452457627942,29.2010234253213,14.2040872539136,4.00601805970486,5.09705609575303,14.0615430326582,69.9230450130343,24.0963897409802
"W4.159","GmWMC132",2.79538955305139,8.34423540081242,26.9928714209742,8.30384955318007,5.84698863896045,4.13453099792996,13.5638796631806,59.3445171278768,28.4393506805145
"W4.160","GmWMC168",5.14303216216704,10.2190073153636,32.9805054395879,14.6310193699318,2.09182412566396,6.44067572259628,15.1011426192355,33.5917569302383,27.4245361534889
"W4.161","GmJMC177",4.45481167586104,9.06223315532138,29.4308822517124,13.9508224393266,3.04892109268441,5.09705609575302,11.2892774684519,32.8699432597192,26.5924995503617
"W4.162","GmWMC164",4.93820463648073,10.3350473564964,33.485441222152,14.1534342909962,4.00601805970486,5.76886590917465,14.408076228184,40.0880799649104,32.4167557722519
"W4.163","GmJMC096",3.96322561421391,7.97073151841634,24.2609427466538,13.1693195828866,3.04892109268441,4.08934137562058,13.3684766416066,33.3511523733986,26.5924995503617
"W4.164","GmWMC191",4.8398874241513,8.59807299079031,26.2015541497917,13.0752497946114,1.13472715864351,1.40210212193408,9.55661149082299,37.2008252828339,29.5046276613069
"W4.165","GmWMC159",3.26681202688046,6.95175490721925,21.498868652479,11.8089257216762,4.00601805970486,6.44067572259628,13.3684766416066,20.8397154177337,16.192042011272
"W4.166","GmJMC100",5.53630101148475,12.6268381688685,40.4264241436663,16.7294992622244,3.52746957619463,5.09705609575303,10.2496778818746,22.6899531993914,14.9439871065812
"W4.167","GmWMC189",2.87354317756275,5.91464703959517,19.392457440141,10.5064209609429,1.61327564215373,1.73800702864489,10.9427442729261,27.5766430092456,19.9362067253443
"W4.168","GmWMC019",1.67735042755471,6.32078718355984,19.7391297684686,6.63508736654104,5.92021199374576,3.08162665548814,10.2496778818746,16.7494379514587,20.3522250269079
"W4.169","GmJMC088",3.12752930941377,7.35426879989853,22.8026580611891,10.1301418078422,4.00601805970487,2.74572174877733,10.5962110774003,24.6893883271691,21.184261630035
"W4.170","GmJMC116",3.88948770496684,11.0929338751447,34.9927122148804,11.5267163568507,3.52746957619463,4.08934137562058,13.0219434460808,36.4790116123148,28.256572756616
"W4.171","GmJMC133",4.56951509024538,10.295158592357,32.7355739032695,13.7482105876569,3.04892109268441,4.08934137562058,12.3288770550293,33.213087429779,26.5924995503617
"W4.172","GmWMC014",5.06609415307245,14.8207201965348,50.5590533922833,16.2307445038034,5.44166351023554,4.08934137562058,11.6358106639777,22.3731162220211,25.7604629472345
"W4.173","GmWMC120",3.87310150291193,7.01340117907103,22.2261269064705,9.80451561765881,3.04892109268441,2.0739119353557,11.6358106639777,35.2759888281162,26.5924995503617
"W4.174","GmWMC134",2.11158478200968,6.33891843998683,20.4927652648328,7.98100895263215,4.00601805970486,3.75343646890977,14.0615430326582,30.4638976913221,34.4968472800699
"W4.175","UA-4805",4.57770819127283,8.73224428835009,28.4737651713298,13.3864037096755,4.96311502672532,4.4252462823314,10.9427442729261,24.4012776997031,17.0240786143992
"W4.176","GmWMC119",1.73470213474688,6.58912977867935,21.2087189863788,6.36735027683474,5.92021199374577,3.41753156219896,10.9427442729261,21.5615290882528,16.6080603128356
"W4.177","GmWMC143",3.78297739160995,8.6597192626421,27.6183888829564,11.9464123353092,3.04892109268441,4.76115118904221,12.3288770550293,35.0353842712765,27.8405544550525
"W4.178","GmWMC181",3.07837070324906,7.12581496891838,23.4244073456896,11.128728791071,3.04892109268441,2.74572174877733,11.6358106639777,31.9075250323603,39.0730485972694
"W4.179","GmWMC157",2.58678464160192,5.81673825488941,18.2054815333674,8.30663514281548,1.13472715864351,1.40210212193408,9.90314468634877,21.8021336450926,16.192042011272
"W4.180","GmJMC058",2.57039843954701,6.29902967584746,19.1173804839681,8.63226133299882,4.00601805970487,2.40981684206652,10.5962110774003,19.8772971903749,14.9439871065812
"W4.181","GmWMC174",3.21765342071575,7.1149362150622,23.0174441776529,11.3819936056581,2.09182412566396,3.08162665548814,12.675410250555,23.3236271541321,19.5201884237807
"W4.182","GmJMC158",3.70104638133543,6.58912977867937,21.5064050074427,11.989829160667,3.04892109268442,5.09705609575302,11.9823438595035,22.6899531993914,19.1041701222171
"W4.183","GmJMC079",3.56176366386874,7.60810638987646,23.7145570117898,11.5267163568507,4.48456654321509,2.40981684206652,9.55661149082298,24.4487837703294,20.7682433284715
"W4.184","GmWMC020",5.06609415307245,11.4834313505534,39.2224652475281,16.2307445038034,4.14027119499292,4.27222439693287,11.9424757016443,29.5393665295504,24.5738734913367
"W4.185","GmWMC113",2.28363990358618,6.19024213728549,20.9148011427968,8.41517720620993,4.4845665432151,1.40210212193408,10.9427442729261,28.7098557694276,21.6002799315986
"W4.186","GmJMC063",2.67690875290389,8.86437628583953,27.3513612097339,9.52230625283326,4.9292648077371,2.61710566183638,11.9729808149769,26.175159950465,19.8907615173103
"W4.187","GmJMC049",3.06198450119415,7.1149362150622,23.1644030994439,10.0071274693284,4.96311502672531,4.08934137562058,10.5962110774003,26.1330156682073,22.8483348362894
"W4.188","GmWMC192",2.50485363132739,7.56459137445165,23.0551259524711,8.56713609496215,3.04892109268442,7.44839044272872,13.7150098371324,21.5615290882528,20.3522250269079
"W4.189","GmJMC026",3.0374051981118,9.57353458656262,33.6210956114975,9.34140281384252,5.92021199374576,3.41753156219896,10.9427442729261,21.3209245314131,15.7760237097084
"W4.190","GmJMC069",3.86490840188448,9.28343448373071,30.7120625955316,12.4095251391255,4.96311502672531,2.74572174877733,11.2892774684519,27.3360384524059,17.4400969159627
"W4.191","GmWMC012",4.22540484709238,10.4005018704814,34.5952719758911,12.8654018053821,5.84698863896045,4.13453099792996,11.9729808149769,29.9666312134353,17.7536142265093
"W4.192","GmJMC080",3.53718436078639,9.45749454542985,29.4082731868215,10.9044085267225,3.52746957619463,4.4252462823314,11.6358106639777,26.373620225047,17.0240786143992
"W4.193","GmJMC145",8.83812072554803,14.9947802582339,45.5775227613158,23.3216205790469,3.04892109268441,3.75343646890977,14.408076228184,50.4340759090179,44.8973048191596
"W4.194","Tachiutaka",4.04515662448843,12.1372942453396,42.9774802988592,13.2416809584829,5.44166351023554,4.4252462823314,10.9427442729261,24.6893883271691,17.8561152175263
"W4.195","GmWMC066",6.60140414505355,12.7827669741406,44.6844646981242,20.3330957669199,4.96311502672531,6.44067572259628,11.6358106639777,22.0427382019323,20.3522250269079
"W4.196","GmJMC093",5.46256310223768,10.831843782596,36.6695511942907,17.5544189440221,3.52746957619463,4.4252462823314,13.3684766416066,28.5390612366044,21.184261630035
"W4.197","GmJMC085",7.37974874266152,13.1889071181053,44.7673646027243,22.8657439127903,3.04892109268441,4.4252462823314,11.9823438595035,28.7796657934441,18.6881518206535
"W4.198","GmJMC067",6.5768248419712,12.3766268301759,42.2012357376042,19.1174246569021,4.96311502672531,4.4252462823314,11.9823438595035,33.3511523733986,25.7604629472345
"W4.199","GmJMC078",4.29914275633945,9.90352345353394,31.1793166032774,12.7351513293088,4.96311502672531,3.41753156219896,11.6358106639777,32.3887341460397,18.6881518206535
"W4.200","GmJMC099",5.03652184881016,10.6033899516159,34.4387901250526,14.782978258684,4.00601805970486,3.75343646890977,13.3684766416066,35.516593384956,26.5924995503617
